Title,Link,Snippet,DisplayLink,Event Type,Event Date,Venue,Language,Price Range,Keywords,Region,Category,Source,Event Name,Event Details
Poster of concerts and events in Baku 2024,https://tickets-az.com/en/baku/events,Poster of concerts and events in Baku for 2024 year. Schedule and convenient calendar of the nearest events of the city. Buy tickets for concerts in Baku ...,tickets-az.com,Other,,,English,,"Poster, of, concerts, and, events",Baku,General,tickets-az.com,Poster of concerts and events in Baku 2024,Poster of concerts and events in Baku for 2024 year. Schedule and convenient calendar of the nearest events of the city. Buy tickets for concerts in Baku ...
"Tickets to the Anime & Comics Cosplay Festival in Baku, June 30 ...",https://tickets-az.com/en/baku/events/254798,"Jun 30, 2024 ... Ticket sales for Anime & Comics Cosplay June 30, 2024 at Nizami Kino (Cinema Center) (Baku). Buy online on the website, booking and delivery ...",tickets-az.com,Anime & Comics Cosplay Festival,"Jun 30, 2024",Nizami Kino ,English,,"Jun, 30,, 2024, ..., Ticket",Baku,General,tickets-az.com,"Tickets to the Anime & Comics Cosplay Festival in Baku, June 30 ...","Jun 30, 2024 ... Ticket sales for Anime & Comics Cosplay June 30, 2024 at Nizami Kino (Cinema Center) (Baku). Buy online on the website, booking and delivery ..."
"Tickets for the Sarışınlar Party in Baku, September 29, 2024 — buy ...",https://tickets-az.com/en/baku/events/271652,"Sep 29, 2024 ... Ticket sales for Sarışınlar Party September 29, 2024 at East Town (Baku). Buy online on the website, booking and delivery +971 502 173 856.",tickets-az.com,Other,"Sep 29, 2024",East Town ,English,,"Sep, 29,, 2024, ..., Ticket",Baku,General,tickets-az.com,"Tickets for the Sarışınlar Party in Baku, September 29, 2024 — buy ...","Sep 29, 2024 ... Ticket sales for Sarışınlar Party September 29, 2024 at East Town (Baku). Buy online on the website, booking and delivery +971 502 173 856."
Tickets for the concert “Mahnı24 ulduzların hit paradı” in Baku ...,https://tickets-az.com/en/baku/events/260584,"Sep 1, 2024 ... Ticket sales for Mahnı24 ulduzların hit paradı September 1, 2024 at Baku Music Academy (Baku). Buy online on the website, ...",tickets-az.com,Other,"Sep 1, 2024",Baku Music Academy ,English,,"Sep, 1,, 2024, ..., Ticket",Baku,General,tickets-az.com,Tickets for the concert “Mahnı24 ulduzların hit paradı” in Baku ...,"Sep 1, 2024 ... Ticket sales for Mahnı24 ulduzların hit paradı September 1, 2024 at Baku Music Academy (Baku). Buy online on the website, ..."
Tickets for the concert Estrada - Symphonic Orchestra in Baku ...,https://tickets-az.com/en/baku/events/278044,"Nov 11, 2024 ... Ticket sales for Estrada - Symphonic Orchestra November 11, 2024 at Rashid Beybutov Azerbaijan State Song Theater (Baku).",tickets-az.com,Other,"Nov 11, 2024",Rashid Beybutov Azerbaijan State Song Theater ,English,,"Nov, 11,, 2024, ..., Ticket",Baku,General,tickets-az.com,Tickets for the concert Estrada - Symphonic Orchestra in Baku ...,"Nov 11, 2024 ... Ticket sales for Estrada - Symphonic Orchestra November 11, 2024 at Rashid Beybutov Azerbaijan State Song Theater (Baku)."
"Epi Come Back concert tickets in Baku, June 22, 2024 — buy online",https://tickets-az.com/en/baku/events/248714,"Ticket sales for Epi Come Back June 22, 2024 at Hayal Kahvesi 1992 (Baku). Buy online on the website, booking and delivery +971 502 173 856.",tickets-az.com,Other,"June 22, 2024",Hayal Kahvesi ,English,,"Ticket, sales, for, Epi, Come",Baku,General,tickets-az.com,"Epi Come Back concert tickets in Baku, June 22, 2024 — buy online","Ticket sales for Epi Come Back June 22, 2024 at Hayal Kahvesi 1992 (Baku). Buy online on the website, booking and delivery +971 502 173 856."
"Tickets for the EPI concert in Baku, October 25, 2024 — buy online",https://tickets-az.com/en/baku/events/272105,"Oct 25, 2024 ... Ticket sales for EPI October 25, 2024 at East Town (Baku). Buy online on the website, booking and delivery +971 502 173 856.",tickets-az.com,Other,"Oct 25, 2024",East Town ,English,,"Oct, 25,, 2024, ..., Ticket",Baku,General,tickets-az.com,"Tickets for the EPI concert in Baku, October 25, 2024 — buy online","Oct 25, 2024 ... Ticket sales for EPI October 25, 2024 at East Town (Baku). Buy online on the website, booking and delivery +971 502 173 856."
Tickets for the multimedia show “Hogwarts in Baku” Harry Potter in ...,https://tickets-az.com/en/baku/events/207089,"Nov 26, 2023 ... Ticket sales for Harry Potter ""Hogwarts in Baku"" November 26, 2023 at Zenit cafe&bar (Baku). Buy online on the website, booking and delivery ...",tickets-az.com,Other,"Nov 26, 2023",Zenit cafe,English,,"Nov, 26,, 2023, ..., Ticket",Baku,General,tickets-az.com,Tickets for the multimedia show “Hogwarts in Baku” Harry Potter in ...,"Nov 26, 2023 ... Ticket sales for Harry Potter ""Hogwarts in Baku"" November 26, 2023 at Zenit cafe&bar (Baku). Buy online on the website, booking and delivery ..."
"Simge Sağın concert tickets in Baku, February 24, 2024 — buy online",https://tickets-az.com/en/baku/events/229793,"Feb 24, 2024 ... Ticket sales for Simge Sağın February 24, 2024 at Baku Congress Center (Baku). Buy online on the website, booking and delivery +971 502 173 ...",tickets-az.com,Other,"Feb 24, 2024",Baku Congress Center ,English,,"Feb, 24,, 2024, ..., Ticket",Baku,General,tickets-az.com,"Simge Sağın concert tickets in Baku, February 24, 2024 — buy online","Feb 24, 2024 ... Ticket sales for Simge Sağın February 24, 2024 at Baku Congress Center (Baku). Buy online on the website, booking and delivery +971 502 173 ..."
"Sagopa Kajmer Concert Tickets in Baku, October 21, 2023 — buy ...",https://tickets-az.com/en/baku/events/183174,"Oct 21, 2023 ... Ticket sales for Sagopa Kajmer October 21, 2023 at Hayal Kahvesi 1992 (Baku). Buy online on the website, booking and delivery +971 502 173 ...",tickets-az.com,Other,"Oct 21, 2023",Hayal Kahvesi ,English,,"Oct, 21,, 2023, ..., Ticket",Baku,General,tickets-az.com,"Sagopa Kajmer Concert Tickets in Baku, October 21, 2023 — buy ...","Oct 21, 2023 ... Ticket sales for Sagopa Kajmer October 21, 2023 at Hayal Kahvesi 1992 (Baku). Buy online on the website, booking and delivery +971 502 173 ..."
"Match Azerbaijan - Slovakia in Baku October 14, 2024 | To buy tickets",https://tickets-az.com/en/baku/events/263299,"Sale of tickets for Azerbaijan - Slovakia October 14, 2024 in Republican Stadium named after Tofik Bahramov (Baku). Buy online on the website, booking and ...",tickets-az.com,Other,"October 14, 2024",,English,,"Sale, of, tickets, for, Azerbaijan",Baku,General,tickets-az.com,"Match Azerbaijan - Slovakia in Baku October 14, 2024 | To buy tickets","Sale of tickets for Azerbaijan - Slovakia October 14, 2024 in Republican Stadium named after Tofik Bahramov (Baku). Buy online on the website, booking and ..."
The World of Soundtracks concert in Baku - buy tickets | November ...,https://tickets-az.com/en/baku/events/248674,"November 30, 2024 The World of Soundtracks concert will be held at the Heydar Aliyev Palace (Baku). You can buy tickets on our website.",tickets-az.com,Other,"November 30, 2024",the Heydar Aliyev Palace ,English,,"November, 30,, 2024, The, World",Baku,General,tickets-az.com,The World of Soundtracks concert in Baku - buy tickets | November ...,"November 30, 2024 The World of Soundtracks concert will be held at the Heydar Aliyev Palace (Baku). You can buy tickets on our website."
"Amirchik concert tickets in Baku, June 10, 2024 — buy online",https://tickets-az.com/en/baku/events/204842,"Jun 10, 2024 ... Ticket sales for Amirchik June 10, 2024 at Baku Music Academy (Baku). Buy online on the website, booking and delivery +971 502 173 856.",tickets-az.com,Other,"Jun 10, 2024",Baku Music Academy ,English,,"Jun, 10,, 2024, ..., Ticket",Baku,General,tickets-az.com,"Amirchik concert tickets in Baku, June 10, 2024 — buy online","Jun 10, 2024 ... Ticket sales for Amirchik June 10, 2024 at Baku Music Academy (Baku). Buy online on the website, booking and delivery +971 502 173 856."
"Aziza Mustafa Zadeh concert tickets in Baku, December 19, 2024 ...",https://tickets-az.com/en/baku/events/263019,"Dec 19, 2023 ... Ticket sales for Aziza Mustafa Zadeh December 19, 2024 at Palace named after Heydar Aliyev (Baku). Buy online on the website, booking and ...",tickets-az.com,Other,"Dec 19, 2023",Palace named after Heydar Aliyev ,English,,"Dec, 19,, 2023, ..., Ticket",Baku,General,tickets-az.com,"Aziza Mustafa Zadeh concert tickets in Baku, December 19, 2024 ...","Dec 19, 2023 ... Ticket sales for Aziza Mustafa Zadeh December 19, 2024 at Palace named after Heydar Aliyev (Baku). Buy online on the website, booking and ..."
"Tickets for the concert of the Goygol ensemble ""Love Songs"" in Baku ...",https://tickets-az.com/en/baku/events/267518,"Ticket sales for Goygol Ensemble ""Love Songs"" November 29, 2024 at DTX Mədəniyyət Mərkəzi (Baku). Buy online on the website, booking and delivery +971 502 ...",tickets-az.com,Other,"November 29, 2024",DTX M,English,,"Ticket, sales, for, Goygol, Ensemble",Baku,General,tickets-az.com,"Tickets for the concert of the Goygol ensemble ""Love Songs"" in Baku ...","Ticket sales for Goygol Ensemble ""Love Songs"" November 29, 2024 at DTX Mədəniyyət Mərkəzi (Baku). Buy online on the website, booking and delivery +971 502 ..."
"Tickets for Mehdi Sadiq & Noton concert in Baku, April 20, 2024 ...",https://tickets-az.com/en/baku/events/242101,"Apr 20, 2024 ... Ticket sales for Mehdi Sadiq & Noton April 20, 2024 at Hayal Kahvesi 1992 (Baku). Buy online on the website, booking and delivery +971 502 ...",tickets-az.com,Other,"Apr 20, 2024",Hayal Kahvesi ,English,,"Apr, 20,, 2024, ..., Ticket",Baku,General,tickets-az.com,"Tickets for Mehdi Sadiq & Noton concert in Baku, April 20, 2024 ...","Apr 20, 2024 ... Ticket sales for Mehdi Sadiq & Noton April 20, 2024 at Hayal Kahvesi 1992 (Baku). Buy online on the website, booking and delivery +971 502 ..."
"Tickets to the concert of Hassan Jan Kai ""Stand Up Party"" in Baku ...",https://tickets-az.com/en/baku/events/187630,"Sep 22, 2023 ... Ticket sales for Hassan Jan Kaya ""Stand Up Party"" September 22, 2023 at Elektra Events Hall (Baku). Buy online on the website, ...",tickets-az.com,Other,"Sep 22, 2023",Elektra Events Hall ,English,,"Sep, 22,, 2023, ..., Ticket",Baku,General,tickets-az.com,"Tickets to the concert of Hassan Jan Kai ""Stand Up Party"" in Baku ...","Sep 22, 2023 ... Ticket sales for Hassan Jan Kaya ""Stand Up Party"" September 22, 2023 at Elektra Events Hall (Baku). Buy online on the website, ..."
"Oliver Tree concert tickets in Baku, September 3, 2024 — buy online",https://tickets-az.com/en/baku/events/266614,"Sep 3, 2024 ... Ticket sales for Oliver Tree September 3, 2024 at Sea Breeze Resort (Baku). Buy online on the website, booking and delivery +971 502 173 ...",tickets-az.com,Other,"Sep 3, 2024",Sea Breeze Resort ,English,,"Sep, 3,, 2024, ..., Ticket",Baku,General,tickets-az.com,"Oliver Tree concert tickets in Baku, September 3, 2024 — buy online","Sep 3, 2024 ... Ticket sales for Oliver Tree September 3, 2024 at Sea Breeze Resort (Baku). Buy online on the website, booking and delivery +971 502 173 ..."
"Tickets for Vera Brezhneva's concert in Baku, February 21, 2024 ...",https://tickets-az.com/en/baku/events/230319,"Feb 21, 2024 ... Ticket sales for Vera Brezhneva February 21, 2024 at Palace named after Heydar Aliyev (Baku). Buy online on the website, ...",tickets-az.com,Other,"Feb 21, 2024",Palace named after Heydar Aliyev ,English,,"Feb, 21,, 2024, ..., Ticket",Baku,General,tickets-az.com,"Tickets for Vera Brezhneva's concert in Baku, February 21, 2024 ...","Feb 21, 2024 ... Ticket sales for Vera Brezhneva February 21, 2024 at Palace named after Heydar Aliyev (Baku). Buy online on the website, ..."
"Tickets for Adam Zhurek concert in Baku, October 13, 2024 — buy ...",https://tickets-az.com/en/baku/events/268316,"Oct 13, 2024 ... Ticket sales for Adam Zhurek October 13, 2024 at Baku Sports Palace (Baku). Buy online on the website, booking and delivery +971 502 173 ...",tickets-az.com,Other,"Oct 13, 2024",Baku Sports Palace ,English,,"Oct, 13,, 2024, ..., Ticket",Baku,General,tickets-az.com,"Tickets for Adam Zhurek concert in Baku, October 13, 2024 — buy ...","Oct 13, 2024 ... Ticket sales for Adam Zhurek October 13, 2024 at Baku Sports Palace (Baku). Buy online on the website, booking and delivery +971 502 173 ..."
"John Newman concert tickets in Baku, May 31, 2024 — buy online",https://tickets-az.com/en/baku/events/246285,"May 31, 2024 ... Ticket sales for John Newman May 31, 2024 at Baku Crystal Hall (Baku). Buy online on the website, booking and delivery +971 502 173 856.",tickets-az.com,Other,"May 31, 2024",Baku Crystal Hall ,English,,"May, 31,, 2024, ..., Ticket",Baku,General,tickets-az.com,"John Newman concert tickets in Baku, May 31, 2024 — buy online","May 31, 2024 ... Ticket sales for John Newman May 31, 2024 at Baku Crystal Hall (Baku). Buy online on the website, booking and delivery +971 502 173 856."
"Fuad Akhundov concert tickets in Baku, October 27, 2024 — buy ...",https://tickets-az.com/en/baku/events/192642,"Oct 27, 2024 ... Ticket sales for Fuad Akhundov October 27, 2024 at Baku Music Academy (Baku). Buy online on the website, booking and delivery +971 502 173 ...",tickets-az.com,Other,"Oct 27, 2024",Baku Music Academy ,English,,"Oct, 27,, 2024, ..., Ticket",Baku,General,tickets-az.com,"Fuad Akhundov concert tickets in Baku, October 27, 2024 — buy ...","Oct 27, 2024 ... Ticket sales for Fuad Akhundov October 27, 2024 at Baku Music Academy (Baku). Buy online on the website, booking and delivery +971 502 173 ..."
"Can Bonomo concert tickets in Baku, October 12, 2024 — buy online",https://tickets-az.com/en/baku/events/263651,"Oct 12, 2024 ... The Can Bonomo concert program will include both his famous hits and new compositions. The singer promises to delight his fans with a live ...",tickets-az.com,Other,"Oct 12, 2024",,English,,"Oct, 12,, 2024, ..., The",Baku,General,tickets-az.com,"Can Bonomo concert tickets in Baku, October 12, 2024 — buy online","Oct 12, 2024 ... The Can Bonomo concert program will include both his famous hits and new compositions. The singer promises to delight his fans with a live ..."
"Tickets for ""Baku Chanson"" concert in Baku, May 12, 2024 — buy ...",https://tickets-az.com/en/baku/events/242094,"May 12, 2024 ... Ticket sales for Baku chanson May 12, 2024 at Baku Music Academy (Baku). Buy online on the website, booking and delivery +971 502 173 856.",tickets-az.com,Other,"May 12, 2024",Baku Music Academy ,English,,"May, 12,, 2024, ..., Ticket",Baku,General,tickets-az.com,"Tickets for ""Baku Chanson"" concert in Baku, May 12, 2024 — buy ...","May 12, 2024 ... Ticket sales for Baku chanson May 12, 2024 at Baku Music Academy (Baku). Buy online on the website, booking and delivery +971 502 173 856."
"Tickets for the concert ""Expressing Feelings in Words"" in Baku, April ...",https://tickets-az.com/en/baku/events/241968,"Apr 7, 2024 ... Ticket sales for Expressing feelings with words April 7, 2024 at Palace named after Heydar Aliyev (Baku). Buy online on the website, ...",tickets-az.com,Other,"Apr 7, 2024",Palace named after Heydar Aliyev ,English,,"Apr, 7,, 2024, ..., Ticket",Baku,General,tickets-az.com,"Tickets for the concert ""Expressing Feelings in Words"" in Baku, April ...","Apr 7, 2024 ... Ticket sales for Expressing feelings with words April 7, 2024 at Palace named after Heydar Aliyev (Baku). Buy online on the website, ..."
Tickets for the Marcos Ayala Tango show “Tango in the Shadows” in ...,https://tickets-az.com/en/baku/events/261514,"Oct 2, 2024 ... Ticket sales for Marcos Ayala Tango ""Tango in the Shadows"" October 2, 2024 at Palace named after Heydar Aliyev (Baku).",tickets-az.com,Other,"Oct 2, 2024",Palace named after Heydar Aliyev ,English,,"Oct, 2,, 2024, ..., Ticket",Baku,General,tickets-az.com,Tickets for the Marcos Ayala Tango show “Tango in the Shadows” in ...,"Oct 2, 2024 ... Ticket sales for Marcos Ayala Tango ""Tango in the Shadows"" October 2, 2024 at Palace named after Heydar Aliyev (Baku)."
"Madteen & Rəssam concert tickets in Baku, September 7, 2024 ...",https://tickets-az.com/en/baku/events/266628,"Ticket sales for Madteen & Rəssam September 7, 2024 at EGP Arena (Baku). Buy online on the website, booking and delivery +971 502 173 856.",tickets-az.com,Other,"September 7, 2024",EGP Arena ,English,,"Ticket, sales, for, Madteen, &",Baku,General,tickets-az.com,"Madteen & Rəssam concert tickets in Baku, September 7, 2024 ...","Ticket sales for Madteen & Rəssam September 7, 2024 at EGP Arena (Baku). Buy online on the website, booking and delivery +971 502 173 856."
"Tickets for the Korku Gecesi Halloween Party in Baku, November 1 ...",https://tickets-az.com/en/baku/events/277233,"Nov 1, 2024 ... Ticket sales for Korku Gecesi Halloween Party November 1, 2024 at Hayal Kahvesi 1992 (Baku). Buy online on the website, booking and delivery ...",tickets-az.com,Other,"Nov 1, 2024",Hayal Kahvesi ,English,,"Nov, 1,, 2024, ..., Ticket",Baku,General,tickets-az.com,"Tickets for the Korku Gecesi Halloween Party in Baku, November 1 ...","Nov 1, 2024 ... Ticket sales for Korku Gecesi Halloween Party November 1, 2024 at Hayal Kahvesi 1992 (Baku). Buy online on the website, booking and delivery ..."
"Gokhan Turkmen concert tickets in Baku, January 4, 2025 — buy ...",https://tickets-az.com/en/baku/events/251082,"Ticket sales for Gokhan Turkmen January 4, 2025 at Jolly Joker Concert Hall Baku (Baku). Buy online on the website, booking and delivery +971 502 173 856.",tickets-az.com,Other,"January 4, 2025",Jolly Joker Concert Hall Baku ,English,,"Ticket, sales, for, Gokhan, Turkmen",Baku,General,tickets-az.com,"Gokhan Turkmen concert tickets in Baku, January 4, 2025 — buy ...","Ticket sales for Gokhan Turkmen January 4, 2025 at Jolly Joker Concert Hall Baku (Baku). Buy online on the website, booking and delivery +971 502 173 856."
"Vladimir Presnyakov concert tickets in Baku, April 28, 2024 — buy ...",https://tickets-az.com/en/baku/events/211386,"Apr 28, 2024 ... Ticket sales for Vladimir Presnyakov April 28, 2024 at Palace named after Heydar Aliyev (Baku). Buy online on the website, ...",tickets-az.com,Other,"Apr 28, 2024",Palace named after Heydar Aliyev ,English,,"Apr, 28,, 2024, ..., Ticket",Baku,General,tickets-az.com,"Vladimir Presnyakov concert tickets in Baku, April 28, 2024 — buy ...","Apr 28, 2024 ... Ticket sales for Vladimir Presnyakov April 28, 2024 at Palace named after Heydar Aliyev (Baku). Buy online on the website, ..."
"Hadise & Murda concert tickets in Baku, August 24, 2024 — buy online",https://tickets-az.com/en/baku/events/257876,"Aug 24, 2024 ... Ticket sales for Hadise and Murda August 24, 2024 at EGP Arena (Baku). Buy online on the website, booking and delivery +971 502 173 856.",tickets-az.com,Other,"Aug 24, 2024",EGP Arena ,English,,"Aug, 24,, 2024, ..., Ticket",Baku,General,tickets-az.com,"Hadise & Murda concert tickets in Baku, August 24, 2024 — buy online","Aug 24, 2024 ... Ticket sales for Hadise and Murda August 24, 2024 at EGP Arena (Baku). Buy online on the website, booking and delivery +971 502 173 856."
"Sandra N. & Faydee Concert Tickets in Baku, July 7, 2024 — buy ...",https://tickets-az.com/en/baku/events/257671,"Jul 7, 2024 ... Ticket sales for Sandra N. & Faydee July 7, 2024 at EGP Arena (Baku). Buy online on the website, booking and delivery +971 502 173 856.",tickets-az.com,Other,"Jul 7, 2024",EGP Arena ,English,,"Jul, 7,, 2024, ..., Ticket",Baku,General,tickets-az.com,"Sandra N. & Faydee Concert Tickets in Baku, July 7, 2024 — buy ...","Jul 7, 2024 ... Ticket sales for Sandra N. & Faydee July 7, 2024 at EGP Arena (Baku). Buy online on the website, booking and delivery +971 502 173 856."
"Tickets for the «Ladies Night» party in Baku, October 5, 2024 — buy ...",https://tickets-az.com/en/baku/events/269993,"Oct 5, 2024 ... About event. East Town's «Ladies Night» party is an unforgettable event created especially for beautiful ladies. Come and immerse yourself in an ...",tickets-az.com,Other,"Oct 5, 2024",,English,,"Oct, 5,, 2024, ..., About",Baku,General,tickets-az.com,"Tickets for the «Ladies Night» party in Baku, October 5, 2024 — buy ...","Oct 5, 2024 ... About event. East Town's «Ladies Night» party is an unforgettable event created especially for beautiful ladies. Come and immerse yourself in an ..."
"Lorenzo Bagnati's ""Reflections in Water"" concert tickets in Baku ...",https://tickets-az.com/en/baku/events/205874,"Ticket sales for Lorenzo Bagnati ""Reflections in Water"" October 19, 2023 at International Mugham Center (Baku). Buy online on the website, ...",tickets-az.com,Other,"October 19, 2023",International Mugham Center ,English,,"Ticket, sales, for, Lorenzo, Bagnati",Baku,General,tickets-az.com,"Lorenzo Bagnati's ""Reflections in Water"" concert tickets in Baku ...","Ticket sales for Lorenzo Bagnati ""Reflections in Water"" October 19, 2023 at International Mugham Center (Baku). Buy online on the website, ..."
"Tickets for the concert of Rafet el Roman in Baku, January 14, 2024 ...",https://tickets-az.com/en/baku/events/207325,"Jan 14, 2024 ... Ticket sales for Rafet el Roman January 14, 2024 at Palace named after Heydar Aliyev (Baku). Buy online on the website, booking and delivery ...",tickets-az.com,Other,"Jan 14, 2024",Palace named after Heydar Aliyev ,English,,"Jan, 14,, 2024, ..., Ticket",Baku,General,tickets-az.com,"Tickets for the concert of Rafet el Roman in Baku, January 14, 2024 ...","Jan 14, 2024 ... Ticket sales for Rafet el Roman January 14, 2024 at Palace named after Heydar Aliyev (Baku). Buy online on the website, booking and delivery ..."
Tickets for the concert Dj Geoamina «Kırmızı Kraliçeler» in Baku ...,https://tickets-az.com/en/baku/events/260577,"Ticket sales for Dj Geoamina «Kırmızı Kraliçeler» October 13, 2024 at Hayal Kahvesi 1992 (Baku). Buy online on the website, booking and delivery +971 502 ...",tickets-az.com,Other,"October 13, 2024",Hayal Kahvesi ,English,,"Ticket, sales, for, Dj, Geoamina",Baku,General,tickets-az.com,Tickets for the concert Dj Geoamina «Kırmızı Kraliçeler» in Baku ...,"Ticket sales for Dj Geoamina «Kırmızı Kraliçeler» October 13, 2024 at Hayal Kahvesi 1992 (Baku). Buy online on the website, booking and delivery +971 502 ..."
"Mahmut Orhan concert tickets in Baku, July 12, 2024 — buy online",https://tickets-az.com/en/baku/events/252956,"Jul 12, 2024 ... Ticket sales for Mahmut Orhan July 12, 2024 at Sea Breeze Resort (Baku). Buy online on the website, booking and delivery +971 502 173 856.",tickets-az.com,Other,"Jul 12, 2024",Sea Breeze Resort ,English,,"Jul, 12,, 2024, ..., Ticket",Baku,General,tickets-az.com,"Mahmut Orhan concert tickets in Baku, July 12, 2024 — buy online","Jul 12, 2024 ... Ticket sales for Mahmut Orhan July 12, 2024 at Sea Breeze Resort (Baku). Buy online on the website, booking and delivery +971 502 173 856."
"Tickets for Chelik Concert in Baku, February 14, 2025 — buy online",https://tickets-az.com/en/baku/events/246240,"Ticket sales for Chelik February 14, 2025 at Palace named after Heydar Aliyev (Baku). Buy online on the website, booking and delivery +971 502 173 856.",tickets-az.com,Other,"February 14, 2025",Palace named after Heydar Aliyev ,English,,"Ticket, sales, for, Chelik, February",Baku,General,tickets-az.com,"Tickets for Chelik Concert in Baku, February 14, 2025 — buy online","Ticket sales for Chelik February 14, 2025 at Palace named after Heydar Aliyev (Baku). Buy online on the website, booking and delivery +971 502 173 856."
"Tickets for the concert Elit Star Cemile in Baku, September 20, 2024 ...",https://tickets-az.com/en/baku/events/269989,"Sep 20, 2024 ... Ticket sales for Elit Star Cemile September 20, 2024 at East Town (Baku). Buy online on the website, booking and delivery +971 502 173 856.",tickets-az.com,Other,"Sep 20, 2024",East Town ,English,,"Sep, 20,, 2024, ..., Ticket",Baku,General,tickets-az.com,"Tickets for the concert Elit Star Cemile in Baku, September 20, 2024 ...","Sep 20, 2024 ... Ticket sales for Elit Star Cemile September 20, 2024 at East Town (Baku). Buy online on the website, booking and delivery +971 502 173 856."
"Faiq Agayev concert tickets in Baku, August 24, 2024 — buy online",https://tickets-az.com/en/baku/events/266624,"Aug 24, 2024 ... Ticket sales for Faiq Agayev August 24, 2024 at Mambo Beach Club & Restaurant (Baku). Buy online on the website, booking and delivery +971 ...",tickets-az.com,Other,"Aug 24, 2024",Mambo Beach Club ,English,,"Aug, 24,, 2024, ..., Ticket",Baku,General,tickets-az.com,"Faiq Agayev concert tickets in Baku, August 24, 2024 — buy online","Aug 24, 2024 ... Ticket sales for Faiq Agayev August 24, 2024 at Mambo Beach Club & Restaurant (Baku). Buy online on the website, booking and delivery +971 ..."
Tickets for the concert “The Music of Hans Zimmer” in Baku ...,https://tickets-az.com/en/baku/events/224317,"Sep 16, 2024 ... Ticket sales for The Music of Hans Zimmer September 16, 2024 at Palace named after Heydar Aliyev (Baku). Buy online on the website, ...",tickets-az.com,Other,"Sep 16, 2024",Palace named after Heydar Aliyev ,English,,"Sep, 16,, 2024, ..., Ticket",Baku,General,tickets-az.com,Tickets for the concert “The Music of Hans Zimmer” in Baku ...,"Sep 16, 2024 ... Ticket sales for The Music of Hans Zimmer September 16, 2024 at Palace named after Heydar Aliyev (Baku). Buy online on the website, ..."
"Tickets for the match Qarabag - Bayer, 1/8 UEFA Europa League in ...",https://tickets-az.com/en/baku/events/209866,"Mar 7, 2024 ... Ticket sales for Qarabag - Bayer Leverkusen, 1/8 UEFA Europa League March 7, 2024 at Republican Stadium named after Tofik Bahramov (Baku).",tickets-az.com,Other,"Mar 7, 2024",Republican Stadium named after Tofik Bahramov ,English,,"Mar, 7,, 2024, ..., Ticket",Baku,General,tickets-az.com,"Tickets for the match Qarabag - Bayer, 1/8 UEFA Europa League in ...","Mar 7, 2024 ... Ticket sales for Qarabag - Bayer Leverkusen, 1/8 UEFA Europa League March 7, 2024 at Republican Stadium named after Tofik Bahramov (Baku)."
"Tickets for Javid Kurbanov concert in Baku, May 25, 2024 — buy ...",https://tickets-az.com/en/baku/events/242136,"May 25, 2024 ... Ticket sales for Javid Kurbanov May 25, 2024 at Nizami Kino (Cinema Center) (Baku). Buy online on the website, booking and delivery +971 502 ...",tickets-az.com,Other,"May 25, 2024",Nizami Kino ,English,,"May, 25,, 2024, ..., Ticket",Baku,General,tickets-az.com,"Tickets for Javid Kurbanov concert in Baku, May 25, 2024 — buy ...","May 25, 2024 ... Ticket sales for Javid Kurbanov May 25, 2024 at Nizami Kino (Cinema Center) (Baku). Buy online on the website, booking and delivery +971 502 ..."
"Sancak concert tickets in Baku, June 9, 2024 — buy online",https://tickets-az.com/en/baku/events/248681,"Jun 9, 2024 ... Ticket sales for Sancak June 9, 2024 at Hayal Kahvesi 1992 (Baku). Buy online on the website, booking and delivery +971 502 173 856.",tickets-az.com,Other,"Jun 9, 2024",Hayal Kahvesi ,English,,"Jun, 9,, 2024, ..., Ticket",Baku,General,tickets-az.com,"Sancak concert tickets in Baku, June 9, 2024 — buy online","Jun 9, 2024 ... Ticket sales for Sancak June 9, 2024 at Hayal Kahvesi 1992 (Baku). Buy online on the website, booking and delivery +971 502 173 856."
"Tickets for the Hen-party concert in Baku, November 7, 2024 — buy ...",https://tickets-az.com/en/baku/events/278036,"Nov 7, 2024 ... Ticket sales for Hen-party November 7, 2024 at Hayal Kahvesi 1992 (Baku). Buy online on the website, booking and delivery +971 502 173 856.",tickets-az.com,Other,"Nov 7, 2024",Hayal Kahvesi ,English,,"Nov, 7,, 2024, ..., Ticket",Baku,General,tickets-az.com,"Tickets for the Hen-party concert in Baku, November 7, 2024 — buy ...","Nov 7, 2024 ... Ticket sales for Hen-party November 7, 2024 at Hayal Kahvesi 1992 (Baku). Buy online on the website, booking and delivery +971 502 173 856."
"Tickets for the concert of Valery Meladze in Baku, February 28, 2025 ...",https://tickets-az.com/en/baku/events/207314,"Ticket sales for Valeriy Meladze February 28, 2025 at Palace named after Heydar Aliyev (Baku). Buy online on the website, booking and delivery +971 502 173 ...",tickets-az.com,Other,"February 28, 2025",Palace named after Heydar Aliyev ,English,,"Ticket, sales, for, Valeriy, Meladze",Baku,General,tickets-az.com,"Tickets for the concert of Valery Meladze in Baku, February 28, 2025 ...","Ticket sales for Valeriy Meladze February 28, 2025 at Palace named after Heydar Aliyev (Baku). Buy online on the website, booking and delivery +971 502 173 ..."
"Tickets for the project «Opera and fashion, 7 beauties» in Baku ...",https://tickets-az.com/en/baku/events/271619,"Sep 22, 2024 ... Ticket sales for Opera and fashion. 7 beauties September 22, 2024 at Heydar Aliyev Cultural Center (Baku). Buy online on the website, ...",tickets-az.com,Other,"Sep 22, 2024",Heydar Aliyev Cultural Center ,English,,"Sep, 22,, 2024, ..., Ticket",Baku,General,tickets-az.com,"Tickets for the project «Opera and fashion, 7 beauties» in Baku ...","Sep 22, 2024 ... Ticket sales for Opera and fashion. 7 beauties September 22, 2024 at Heydar Aliyev Cultural Center (Baku). Buy online on the website, ..."
"Tickets for the concert of the group “Bani” in Baku, September 25, 2024",https://tickets-az.com/en/baku/events/260772,"Sep 25, 2024 ... Ticket sales for Bani September 25, 2024 at Baku Music Academy (Baku). Buy online on the website, booking and delivery +971 502 173 856.",tickets-az.com,Other,"Sep 25, 2024",Baku Music Academy ,English,,"Sep, 25,, 2024, ..., Ticket",Baku,General,tickets-az.com,"Tickets for the concert of the group “Bani” in Baku, September 25, 2024","Sep 25, 2024 ... Ticket sales for Bani September 25, 2024 at Baku Music Academy (Baku). Buy online on the website, booking and delivery +971 502 173 856."
"Tarkan concert tickets in Baku, November 25, 2023 — buy online",https://tickets-az.com/en/baku/events/194080,"Nov 25, 2023 ... Ticket sales for Tarkan November 25, 2023 at Baku Crystal Hall (Baku). Buy online on the website, booking and delivery +971 502 173 856.",tickets-az.com,Other,"Nov 25, 2023",Baku Crystal Hall ,English,,"Nov, 25,, 2023, ..., Ticket",Baku,General,tickets-az.com,"Tarkan concert tickets in Baku, November 25, 2023 — buy online","Nov 25, 2023 ... Ticket sales for Tarkan November 25, 2023 at Baku Crystal Hall (Baku). Buy online on the website, booking and delivery +971 502 173 856."
"Buy tickets to Sergey Detkov's stand-up concert in Baku, May 12, 2024",https://tickets-az.com/en/baku/events/246258,"May 12, 2024 ... Tickets for Sergey Detkov's stand-up concert at Nizami Kino (Baku), May 12, 2024. Secure online payment. Guarantee of authenticity of ...",tickets-az.com,Other,"May 12, 2024",Nizami Kino ,English,,"May, 12,, 2024, ..., Tickets",Baku,General,tickets-az.com,"Buy tickets to Sergey Detkov's stand-up concert in Baku, May 12, 2024","May 12, 2024 ... Tickets for Sergey Detkov's stand-up concert at Nizami Kino (Baku), May 12, 2024. Secure online payment. Guarantee of authenticity of ..."
Tickets for the evening in memory of Ilhama Guliyeva in Baku ...,https://tickets-az.com/en/baku/events/272103,"Oct 22, 2024 ... The Baku Music Academy will host an evening in memory of the late People's Artist Ilhama Guliyeva. This event will be an important cultural event.",tickets-az.com,Other,"Oct 22, 2024",,English,,"Oct, 22,, 2024, ..., The",Baku,General,tickets-az.com,Tickets for the evening in memory of Ilhama Guliyeva in Baku ...,"Oct 22, 2024 ... The Baku Music Academy will host an evening in memory of the late People's Artist Ilhama Guliyeva. This event will be an important cultural event."
"Tickets for the concert Ece Mumay in Baku, December 13, 2024 ...",https://tickets-az.com/en/baku/events/278264,"The concert will take place in the famous Jolly Joker Baku concert hall, which is famous for its excellent acoustics and cozy atmosphere.",tickets-az.com,Other,,,English,,"The, concert, will, take, place",Baku,General,tickets-az.com,"Tickets for the concert Ece Mumay in Baku, December 13, 2024 ...","The concert will take place in the famous Jolly Joker Baku concert hall, which is famous for its excellent acoustics and cozy atmosphere."
"Tickets for the musical ""Depeche Mode Live Experience"" in Baku ...",https://tickets-az.com/en/baku/events/276314,"Ticket sales for Depeche Mode Live Experience December 9, 2024 at Baku Music Academy (Baku). Buy online on the website, booking and delivery +971 502 173 ...",tickets-az.com,Other,"December 9, 2024",Baku Music Academy ,English,,"Ticket, sales, for, Depeche, Mode",Baku,General,tickets-az.com,"Tickets for the musical ""Depeche Mode Live Experience"" in Baku ...","Ticket sales for Depeche Mode Live Experience December 9, 2024 at Baku Music Academy (Baku). Buy online on the website, booking and delivery +971 502 173 ..."
"Koraya Avci concert tickets in Baku, April 19, 2024 — buy online",https://tickets-az.com/en/baku/events/237424,"Apr 19, 2024 ... Ticket sales for Koray Avci April 19, 2024 at Palace named after Heydar Aliyev (Baku). Buy online on the website, booking and delivery +971 ...",tickets-az.com,Other,"Apr 19, 2024",Palace named after Heydar Aliyev ,English,,"Apr, 19,, 2024, ..., Ticket",Baku,General,tickets-az.com,"Koraya Avci concert tickets in Baku, April 19, 2024 — buy online","Apr 19, 2024 ... Ticket sales for Koray Avci April 19, 2024 at Palace named after Heydar Aliyev (Baku). Buy online on the website, booking and delivery +971 ..."
"Melis Fis concert tickets in Baku, October 20, 2024 — buy online",https://tickets-az.com/en/baku/events/252063,"Oct 20, 2024 ... Ticket sales for Melis Fis October 20, 2024 at Hayal Kahvesi 1992 (Baku). Buy online on the website, booking and delivery +971 502 173 856.",tickets-az.com,Other,"Oct 20, 2024",Hayal Kahvesi ,English,,"Oct, 20,, 2024, ..., Ticket",Baku,General,tickets-az.com,"Melis Fis concert tickets in Baku, October 20, 2024 — buy online","Oct 20, 2024 ... Ticket sales for Melis Fis October 20, 2024 at Hayal Kahvesi 1992 (Baku). Buy online on the website, booking and delivery +971 502 173 856."
"MadTeen X Ressam concert tickets in Baku December 15, 2024 ...",https://tickets-az.com/en/baku/events/242109,"Dec 15, 2023 ... The start of ticket sales for the Mad Teen X Ressam concert on December 15, 2024 in Baku. Famous Azerbaijani performers will perform at ...",tickets-az.com,Other,"Dec 15, 2023",,English,,"Dec, 15,, 2023, ..., The",Baku,General,tickets-az.com,"MadTeen X Ressam concert tickets in Baku December 15, 2024 ...","Dec 15, 2023 ... The start of ticket sales for the Mad Teen X Ressam concert on December 15, 2024 in Baku. Famous Azerbaijani performers will perform at ..."
"Formula 1, Azerbaijan Grand Prix 2024 in Baku September 13, 2024 ...",https://tickets-az.com/en/baku/events/249561,"Ticket sales for Formula 1, which will be held in Baku September 13, 2024. The 2024 Azerbaijan Grand Prix will be held at the Baku highway city race track.",tickets-az.com,Other,"September 13, 2024",the Baku highway city race track,English,,"Ticket, sales, for, Formula, 1,",Baku,General,tickets-az.com,"Formula 1, Azerbaijan Grand Prix 2024 in Baku September 13, 2024 ...","Ticket sales for Formula 1, which will be held in Baku September 13, 2024. The 2024 Azerbaijan Grand Prix will be held at the Baku highway city race track."
Tickets for the concert of Leonid Agutin and Angelika Varum in Baku ...,https://tickets-az.com/en/baku/events/154875,"Oct 29, 2024 ... Ticket sales for Leonid Agutin and Angelika Varum October 29, 2024 at Palace named after Heydar Aliyev (Baku). Buy online on the website, ...",tickets-az.com,Other,"Oct 29, 2024",Palace named after Heydar Aliyev ,English,,"Oct, 29,, 2024, ..., Ticket",Baku,General,tickets-az.com,Tickets for the concert of Leonid Agutin and Angelika Varum in Baku ...,"Oct 29, 2024 ... Ticket sales for Leonid Agutin and Angelika Varum October 29, 2024 at Palace named after Heydar Aliyev (Baku). Buy online on the website, ..."
"Duman concert tickets in Baku, September 1, 2024 — buy online",https://tickets-az.com/en/baku/events/248716,"Sep 1, 2024 ... Ticket sales for Duman September 1, 2024 at Dalga Beach (Baku). Buy online on the website, booking and delivery +971 502 173 856.",tickets-az.com,Other,"Sep 1, 2024",Dalga Beach ,English,,"Sep, 1,, 2024, ..., Ticket",Baku,General,tickets-az.com,"Duman concert tickets in Baku, September 1, 2024 — buy online","Sep 1, 2024 ... Ticket sales for Duman September 1, 2024 at Dalga Beach (Baku). Buy online on the website, booking and delivery +971 502 173 856."
"Tickets to visit the Baku Zoological Park in Baku, August 31, 2024 ...",https://tickets-az.com/en/baku/events/265914,"Aug 31, 2024 ... Thanks to the efforts of the zoo staff, in particular the chief veterinarian Chingiz Sultanov, today there are about 28 flamingos living in the ...",tickets-az.com,Other,"Aug 31, 2024",,English,,"Aug, 31,, 2024, ..., Thanks",Baku,General,tickets-az.com,"Tickets to visit the Baku Zoological Park in Baku, August 31, 2024 ...","Aug 31, 2024 ... Thanks to the efforts of the zoo staff, in particular the chief veterinarian Chingiz Sultanov, today there are about 28 flamingos living in the ..."
"Tickets for the Baku Evenings concert in Baku, November 3, 2024 ...",https://tickets-az.com/en/baku/events/267515,"Nov 3, 2024 ... The concert ""Baku Evenings"" at the Baku Music Academy promises to be an unforgettable event for all music lovers.",tickets-az.com,Other,"Nov 3, 2024",the Baku Music Academy promises to be an unforgettable event for all music lovers,English,,"Nov, 3,, 2024, ..., The",Baku,General,tickets-az.com,"Tickets for the Baku Evenings concert in Baku, November 3, 2024 ...","Nov 3, 2024 ... The concert ""Baku Evenings"" at the Baku Music Academy promises to be an unforgettable event for all music lovers."
"HADISE concert tickets in Baku, December 7, 2024 — buy online",https://tickets-az.com/en/baku/events/224328,"Ticket sales for HADISE December 7, 2024 at Baku Congress Center (Baku). Buy online on the website, booking and delivery +971 502 173 856.",tickets-az.com,Other,"December 7, 2024",Baku Congress Center ,English,,"Ticket, sales, for, HADISE, December",Baku,General,tickets-az.com,"HADISE concert tickets in Baku, December 7, 2024 — buy online","Ticket sales for HADISE December 7, 2024 at Baku Congress Center (Baku). Buy online on the website, booking and delivery +971 502 173 856."
"Tickets for the ROYA concert in Baku, September 5, 2024 — buy ...",https://tickets-az.com/en/baku/events/269706,"Sep 5, 2024 ... Ticket sales for ROYA September 5, 2024 at EGP Arena (Baku). Buy online on the website, booking and delivery +971 502 173 856.",tickets-az.com,Other,"Sep 5, 2024",EGP Arena ,English,,"Sep, 5,, 2024, ..., Ticket",Baku,General,tickets-az.com,"Tickets for the ROYA concert in Baku, September 5, 2024 — buy ...","Sep 5, 2024 ... Ticket sales for ROYA September 5, 2024 at EGP Arena (Baku). Buy online on the website, booking and delivery +971 502 173 856."
"Tickets for the concert of the group ""Open Kids"" in Baku, October 17 ...",https://tickets-az.com/en/baku/events/192339,"Oct 17, 2023 ... Ticket sales for Open Kids October 17, 2023 at Baku Music Academy (Baku). Buy online on the website, booking and delivery +971 502 173 856.",tickets-az.com,Other,"Oct 17, 2023",Baku Music Academy ,English,,"Oct, 17,, 2023, ..., Ticket",Baku,General,tickets-az.com,"Tickets for the concert of the group ""Open Kids"" in Baku, October 17 ...","Oct 17, 2023 ... Ticket sales for Open Kids October 17, 2023 at Baku Music Academy (Baku). Buy online on the website, booking and delivery +971 502 173 856."
"Guliz Ayla concert tickets in Baku, January 27, 2024 — buy online",https://tickets-az.com/en/baku/events/223832,"Jan 27, 2024 ... Ticket sales for Guliz Ayla January 27, 2024 at Hayal Kahvesi 1992 (Baku). Buy online on the website, booking and delivery +971 502 173 856.",tickets-az.com,Other,"Jan 27, 2024",Hayal Kahvesi ,English,,"Jan, 27,, 2024, ..., Ticket",Baku,General,tickets-az.com,"Guliz Ayla concert tickets in Baku, January 27, 2024 — buy online","Jan 27, 2024 ... Ticket sales for Guliz Ayla January 27, 2024 at Hayal Kahvesi 1992 (Baku). Buy online on the website, booking and delivery +971 502 173 856."
"Anil Emre Daldal Concert Tickets in Baku, December 6, 2024 — buy ...",https://tickets-az.com/en/baku/events/278213,"Ticket sales for Anıl Emre Daldal December 6, 2024 at Hayal Kahvesi 1992 (Baku). Buy online on the website, booking and delivery +971 502 173 856.",tickets-az.com,Other,"December 6, 2024",Hayal Kahvesi ,English,,"Ticket, sales, for, Anıl, Emre",Baku,General,tickets-az.com,"Anil Emre Daldal Concert Tickets in Baku, December 6, 2024 — buy ...","Ticket sales for Anıl Emre Daldal December 6, 2024 at Hayal Kahvesi 1992 (Baku). Buy online on the website, booking and delivery +971 502 173 856."
"Tickets for the concert of Chingiz Mustafayev in Baku, February 16 ...",https://tickets-az.com/en/baku/events/230315,"Feb 16, 2024 ... Ticket sales for Chingiz Mustafayev February 16, 2024 at Hayal Kahvesi 1992 (Baku). Buy online on the website, booking and delivery +971 502 ...",tickets-az.com,Other,"Feb 16, 2024",Hayal Kahvesi ,English,,"Feb, 16,, 2024, ..., Ticket",Baku,General,tickets-az.com,"Tickets for the concert of Chingiz Mustafayev in Baku, February 16 ...","Feb 16, 2024 ... Ticket sales for Chingiz Mustafayev February 16, 2024 at Hayal Kahvesi 1992 (Baku). Buy online on the website, booking and delivery +971 502 ..."
"Tickets for Elena Vaenga's concert in Baku, January 9, 2025 — buy ...",https://tickets-az.com/en/baku/events/268297,"About event. On January 9, the long-awaited concert of Elena Vaenga will take place at the Heydar Aliyev Palace. This event promises to be a real holiday for ...",tickets-az.com,Other,,the Heydar Aliyev Palace,English,,"About, event., On, January, 9,",Baku,General,tickets-az.com,"Tickets for Elena Vaenga's concert in Baku, January 9, 2025 — buy ...","About event. On January 9, the long-awaited concert of Elena Vaenga will take place at the Heydar Aliyev Palace. This event promises to be a real holiday for ..."
"Tickets for Ivan Dorn concert in Baku, November 30, 2024 — buy ...",https://tickets-az.com/en/baku/events/278469,"Ticket sales for Ivan Dorn November 30, 2024 at Stereohall (Baku). Buy online on the website, booking and delivery +971 502 173 856.",tickets-az.com,Other,"November 30, 2024",Stereohall ,English,,"Ticket, sales, for, Ivan, Dorn",Baku,General,tickets-az.com,"Tickets for Ivan Dorn concert in Baku, November 30, 2024 — buy ...","Ticket sales for Ivan Dorn November 30, 2024 at Stereohall (Baku). Buy online on the website, booking and delivery +971 502 173 856."
Tickets for the IRS - Azerbaijan State Dance Ensemble concert in ...,https://tickets-az.com/en/baku/events/248713,"Jun 20, 2024 ... Ticket sales for IRS - Azerbaijan State Dance Ensemble June 20, 2024 at Palace named after Heydar Aliyev (Baku). Buy online on the website, ...",tickets-az.com,Other,"Jun 20, 2024",Palace named after Heydar Aliyev ,English,,"Jun, 20,, 2024, ..., Ticket",Baku,General,tickets-az.com,Tickets for the IRS - Azerbaijan State Dance Ensemble concert in ...,"Jun 20, 2024 ... Ticket sales for IRS - Azerbaijan State Dance Ensemble June 20, 2024 at Palace named after Heydar Aliyev (Baku). Buy online on the website, ..."
"Gregory Porter Concert Tickets in Baku, October 27, 2024 — buy ...",https://tickets-az.com/en/baku/events/268721,"Oct 27, 2024 ... Ticket sales for Gregory Porter October 27, 2024 at Palace named after Heydar Aliyev (Baku). Buy online on the website, booking and delivery ...",tickets-az.com,Other,"Oct 27, 2024",Palace named after Heydar Aliyev ,English,,"Oct, 27,, 2024, ..., Ticket",Baku,General,tickets-az.com,"Gregory Porter Concert Tickets in Baku, October 27, 2024 — buy ...","Oct 27, 2024 ... Ticket sales for Gregory Porter October 27, 2024 at Palace named after Heydar Aliyev (Baku). Buy online on the website, booking and delivery ..."
"Bel Suono Concert Tickets - The Best in Baku, November 21, 2024 ...",https://tickets-az.com/en/baku/events/214023,"Ticket sales for Bel Suono - The Best November 21, 2024 at Palace named after Heydar Aliyev (Baku). Buy online on the website, booking and delivery +971 502 ...",tickets-az.com,Other,"November 21, 2024",Palace named after Heydar Aliyev ,English,,"Ticket, sales, for, Bel, Suono",Baku,General,tickets-az.com,"Bel Suono Concert Tickets - The Best in Baku, November 21, 2024 ...","Ticket sales for Bel Suono - The Best November 21, 2024 at Palace named after Heydar Aliyev (Baku). Buy online on the website, booking and delivery +971 502 ..."
"Tickets to the Dream Fest 2024 music festival in Baku, July 28, 2024 ...",https://tickets-az.com/en/baku/events/237474,"Jul 28, 2024 ... Ticket sales for Dream Fest 2024 July 28, 2024 at Sea Breeze Resort (Baku). Buy online on the website, booking and delivery +971 502 173 ...",tickets-az.com,Other,"Jul 28, 2024",Sea Breeze Resort ,English,,"Jul, 28,, 2024, ..., Ticket",Baku,General,tickets-az.com,"Tickets to the Dream Fest 2024 music festival in Baku, July 28, 2024 ...","Jul 28, 2024 ... Ticket sales for Dream Fest 2024 July 28, 2024 at Sea Breeze Resort (Baku). Buy online on the website, booking and delivery +971 502 173 ..."
"Milana Star concert tickets in Baku, October 19, 2024 — buy online",https://tickets-az.com/en/baku/events/206934,"Ticket sales for Milana Star October 19, 2024 at Palace named after Heydar Aliyev (Baku). Buy online on the website, booking and delivery +971 502 173 856.",tickets-az.com,Other,"October 19, 2024",Palace named after Heydar Aliyev ,English,,"Ticket, sales, for, Milana, Star",Baku,General,tickets-az.com,"Milana Star concert tickets in Baku, October 19, 2024 — buy online","Ticket sales for Milana Star October 19, 2024 at Palace named after Heydar Aliyev (Baku). Buy online on the website, booking and delivery +971 502 173 856."
"Melvin Travis concert tickets in Baku, May 4, 2024 — buy online",https://tickets-az.com/en/baku/events/242124,"May 4, 2024 ... Ticket sales for Melvin Travis May 4, 2024 at Baku Music Academy (Baku). Buy online on the website, booking and delivery +971 502 173 856.",tickets-az.com,Other,"May 4, 2024",Baku Music Academy ,English,,"May, 4,, 2024, ..., Ticket",Baku,General,tickets-az.com,"Melvin Travis concert tickets in Baku, May 4, 2024 — buy online","May 4, 2024 ... Ticket sales for Melvin Travis May 4, 2024 at Baku Music Academy (Baku). Buy online on the website, booking and delivery +971 502 173 856."
"Ilyas Yalcintas concert tickets in Baku, February 17, 2024 — buy online",https://tickets-az.com/en/baku/events/229600,"Feb 17, 2024 ... Ticket sales for Ilyas Yalcintas February 17, 2024 at Hayal Kahvesi 1992 (Baku). Buy online on the website, booking and delivery +971 502 ...",tickets-az.com,Other,"Feb 17, 2024",Hayal Kahvesi ,English,,"Feb, 17,, 2024, ..., Ticket",Baku,General,tickets-az.com,"Ilyas Yalcintas concert tickets in Baku, February 17, 2024 — buy online","Feb 17, 2024 ... Ticket sales for Ilyas Yalcintas February 17, 2024 at Hayal Kahvesi 1992 (Baku). Buy online on the website, booking and delivery +971 502 ..."
"Mert Demir concert tickets in Baku, March 29, 2024 — buy online",https://tickets-az.com/en/baku/events/231321,"Mar 29, 2024 ... Ticket sales for Mert Demir March 29, 2024 at Palace named after Heydar Aliyev (Baku). Buy online on the website, booking and delivery +971 ...",tickets-az.com,Other,"Mar 29, 2024",Palace named after Heydar Aliyev ,English,,"Mar, 29,, 2024, ..., Ticket",Baku,General,tickets-az.com,"Mert Demir concert tickets in Baku, March 29, 2024 — buy online","Mar 29, 2024 ... Ticket sales for Mert Demir March 29, 2024 at Palace named after Heydar Aliyev (Baku). Buy online on the website, booking and delivery +971 ..."
"Tickets for Dilyara Aliyeva's stand-up concert ""Intonasiya"" in Baku ...",https://tickets-az.com/en/baku/events/268702,"Oct 26, 2024 ... On October 26, a historic event will take place at the Heydar Aliyev Palace - the first stand-up concert of Dilara Aliyeva called “Mintonasiya”.",tickets-az.com,Other,"Oct 26, 2024",the Heydar Aliyev Palace ,English,,"Oct, 26,, 2024, ..., On",Baku,General,tickets-az.com,"Tickets for Dilyara Aliyeva's stand-up concert ""Intonasiya"" in Baku ...","Oct 26, 2024 ... On October 26, a historic event will take place at the Heydar Aliyev Palace - the first stand-up concert of Dilara Aliyeva called “Mintonasiya”."
"Tickets for Elton Hüseynəliyev concert in Baku, December 20, 2024 ...",https://tickets-az.com/en/baku/events/278273,"Dec 20, 2023 ... Elton Hüseynəliyev, known for his bright performances and unique vocals, is a soloist of the Ganja State Philharmonic and Azerbaijan Television.",tickets-az.com,Other,"Dec 20, 2023",,English,,"Dec, 20,, 2023, ..., Elton",Baku,General,tickets-az.com,"Tickets for Elton Hüseynəliyev concert in Baku, December 20, 2024 ...","Dec 20, 2023 ... Elton Hüseynəliyev, known for his bright performances and unique vocals, is a soloist of the Ganja State Philharmonic and Azerbaijan Television."
Tickets for Boris Brejcha & Moritz Hofbauer concert in Baku ...,https://tickets-az.com/en/baku/events/278268,"Dec 14, 2023 ... Ticket sales for Boris Brejcha & Moritz Hofbauer December 14, 2024 at Baku Expo Center (Baku). Buy online on the website, ...",tickets-az.com,Other,"Dec 14, 2023",Baku Expo Center ,English,,"Dec, 14,, 2023, ..., Ticket",Baku,General,tickets-az.com,Tickets for Boris Brejcha & Moritz Hofbauer concert in Baku ...,"Dec 14, 2023 ... Ticket sales for Boris Brejcha & Moritz Hofbauer December 14, 2024 at Baku Expo Center (Baku). Buy online on the website, ..."
"Tickets for the concert Tuğkan in Baku, October 6, 2024 — buy online",https://tickets-az.com/en/baku/events/271985,"Oct 6, 2024 ... Ticket sales for Tuğkan October 6, 2024 at Hayal Kahvesi 1992 (Baku). Buy online on the website, booking and delivery +971 502 173 856.",tickets-az.com,Other,"Oct 6, 2024",Hayal Kahvesi ,English,,"Oct, 6,, 2024, ..., Ticket",Baku,General,tickets-az.com,"Tickets for the concert Tuğkan in Baku, October 6, 2024 — buy online","Oct 6, 2024 ... Ticket sales for Tuğkan October 6, 2024 at Hayal Kahvesi 1992 (Baku). Buy online on the website, booking and delivery +971 502 173 856."
"Tickets for the match Azerbaijan - Sweden, UEFA Nations League in ...",https://tickets-az.com/en/baku/events/263293,"Sep 5, 2024 ... Tickets for sale for Azerbaijan - Sweden September 5, 2024 in Republican Stadium named after Tofik Bahramov (Baku). Buy online on the ...",tickets-az.com,Other,"Sep 5, 2024",,English,,"Sep, 5,, 2024, ..., Tickets",Baku,General,tickets-az.com,"Tickets for the match Azerbaijan - Sweden, UEFA Nations League in ...","Sep 5, 2024 ... Tickets for sale for Azerbaijan - Sweden September 5, 2024 in Republican Stadium named after Tofik Bahramov (Baku). Buy online on the ..."
"LOBODA concert tickets in Baku, August 30, 2024 — buy online",https://tickets-az.com/en/baku/events/257877,"Aug 30, 2024 ... Tickets for Svetlana Loboda's concert August 30, 2024 at EGP Arena (Baku). Buy online on the website, booking and delivery +971 502 173 856.",tickets-az.com,Other,"Aug 30, 2024",EGP Arena ,English,,"Aug, 30,, 2024, ..., Tickets",Baku,General,tickets-az.com,"LOBODA concert tickets in Baku, August 30, 2024 — buy online","Aug 30, 2024 ... Tickets for Svetlana Loboda's concert August 30, 2024 at EGP Arena (Baku). Buy online on the website, booking and delivery +971 502 173 856."
"Tickets for the concert ""Our Baku Evenings"" in Baku, October 7, 2024 ...",https://tickets-az.com/en/baku/events/268305,"Oct 7, 2024 ... Ticket sales for Our Baku Evenings October 7, 2024 at Baku Music Academy (Baku). Buy online on the website, booking and delivery +971 502 ...",tickets-az.com,Other,"Oct 7, 2024",Baku Music Academy ,English,,"Oct, 7,, 2024, ..., Ticket",Baku,General,tickets-az.com,"Tickets for the concert ""Our Baku Evenings"" in Baku, October 7, 2024 ...","Oct 7, 2024 ... Ticket sales for Our Baku Evenings October 7, 2024 at Baku Music Academy (Baku). Buy online on the website, booking and delivery +971 502 ..."
"Tickets for Munir Hossn concert in Baku, October 17, 2024 — buy ...",https://tickets-az.com/en/baku/events/271990,"Ticket sales for Munir Hossn October 17, 2024 at Jolly Joker Concert Hall Baku (Baku). Buy online on the website, booking and delivery +971 502 173 856.",tickets-az.com,Other,"October 17, 2024",Jolly Joker Concert Hall Baku ,English,,"Ticket, sales, for, Munir, Hossn",Baku,General,tickets-az.com,"Tickets for Munir Hossn concert in Baku, October 17, 2024 — buy ...","Ticket sales for Munir Hossn October 17, 2024 at Jolly Joker Concert Hall Baku (Baku). Buy online on the website, booking and delivery +971 502 173 856."
"Fatma Turgut concert tickets in Baku, November 12, 2023 — buy ...",https://tickets-az.com/en/baku/events/207854,"Nov 12, 2023 ... Ticket sales for Fatma Turgut November 12, 2023 at Elektra Events Hall (Baku). Buy online on the website, booking and delivery +971 502 173 ...",tickets-az.com,Other,"Nov 12, 2023",Elektra Events Hall ,English,,"Nov, 12,, 2023, ..., Ticket",Baku,General,tickets-az.com,"Fatma Turgut concert tickets in Baku, November 12, 2023 — buy ...","Nov 12, 2023 ... Ticket sales for Fatma Turgut November 12, 2023 at Elektra Events Hall (Baku). Buy online on the website, booking and delivery +971 502 173 ..."
"Irem Derici Concert tickets in Baku, October 7, 2023 — buy online",https://tickets-az.com/en/baku/events/192315,"Oct 7, 2023 ... Ticket sales for Irem Derici October 7, 2023 at Palace named after Heydar Aliyev (Baku). Buy online on the website, booking and delivery ...",tickets-az.com,Other,"Oct 7, 2023",Palace named after Heydar Aliyev ,English,,"Oct, 7,, 2023, ..., Ticket",Baku,General,tickets-az.com,"Irem Derici Concert tickets in Baku, October 7, 2023 — buy online","Oct 7, 2023 ... Ticket sales for Irem Derici October 7, 2023 at Palace named after Heydar Aliyev (Baku). Buy online on the website, booking and delivery ..."
"Tickets for the Kikido Show concert in Baku, September 22, 2024 ...",https://tickets-az.com/en/baku/events/187627,"Sep 22, 2024 ... Ticket sales for Kikido Show September 22, 2024 at Baku Music Academy (Baku). Buy online on the website, booking and delivery +971 502 173 ...",tickets-az.com,Other,"Sep 22, 2024",Baku Music Academy ,English,,"Sep, 22,, 2024, ..., Ticket",Baku,General,tickets-az.com,"Tickets for the Kikido Show concert in Baku, September 22, 2024 ...","Sep 22, 2024 ... Ticket sales for Kikido Show September 22, 2024 at Baku Music Academy (Baku). Buy online on the website, booking and delivery +971 502 173 ..."
"Tickets for the 15th European TeamGym Championship, Finals of ...",https://tickets-az.com/en/baku/events/267867,"Oct 19, 2024 ... Ticket sales for 15th European TeamGym Championship, Finals of adult teams October 19, 2024 at National Gymnastics Arena (Baku).",tickets-az.com,Other,"Oct 19, 2024",National Gymnastics Arena ,English,,"Oct, 19,, 2024, ..., Ticket",Baku,General,tickets-az.com,"Tickets for the 15th European TeamGym Championship, Finals of ...","Oct 19, 2024 ... Ticket sales for 15th European TeamGym Championship, Finals of adult teams October 19, 2024 at National Gymnastics Arena (Baku)."
"Tickets for Dima Bilan concert in Baku, October 16, 2024 — buy online",https://tickets-az.com/en/baku/events/238567,"Oct 16, 2024 ... Ticket sales for Dima Bilan October 16, 2024 at Palace named after Heydar Aliyev (Baku). Buy online on the website, booking and delivery ...",tickets-az.com,Other,"Oct 16, 2024",Palace named after Heydar Aliyev ,English,,"Oct, 16,, 2024, ..., Ticket",Baku,General,tickets-az.com,"Tickets for Dima Bilan concert in Baku, October 16, 2024 — buy online","Oct 16, 2024 ... Ticket sales for Dima Bilan October 16, 2024 at Palace named after Heydar Aliyev (Baku). Buy online on the website, booking and delivery ..."
Tickets for the 15th European TeamGym Championship ...,https://tickets-az.com/en/baku/events/267863,"Oct 17, 2024 ... Ticket sales for 15th European TeamGym Championship, Qualification of adult teams October 17, 2024 at National Gymnastics Arena (Baku).",tickets-az.com,Other,"Oct 17, 2024",National Gymnastics Arena ,English,,"Oct, 17,, 2024, ..., Ticket",Baku,General,tickets-az.com,Tickets for the 15th European TeamGym Championship ...,"Oct 17, 2024 ... Ticket sales for 15th European TeamGym Championship, Qualification of adult teams October 17, 2024 at National Gymnastics Arena (Baku)."
"Roya concert tickets in Baku, July 20, 2024 — buy online",https://tickets-az.com/en/baku/events/257764,"Jul 20, 2024 ... Ticket sales for Roya July 20, 2024 at Dalga Beach (Baku). Buy online on the website, booking and delivery +971 502 173 856.",tickets-az.com,Other,"Jul 20, 2024",Dalga Beach ,English,,"Jul, 20,, 2024, ..., Ticket",Baku,General,tickets-az.com,"Roya concert tickets in Baku, July 20, 2024 — buy online","Jul 20, 2024 ... Ticket sales for Roya July 20, 2024 at Dalga Beach (Baku). Buy online on the website, booking and delivery +971 502 173 856."
"Tickets for the concert of the rhythm group ""Natik"" in Baku ...",https://tickets-az.com/en/baku/events/207858,"Nov 14, 2023 ... Ticket sales for Rhythm group ""Natik"" November 14, 2023 at Baku Music Academy (Baku). Buy online on the website, booking and delivery +971 ...",tickets-az.com,Other,"Nov 14, 2023",Baku Music Academy ,English,,"Nov, 14,, 2023, ..., Ticket",Baku,General,tickets-az.com,"Tickets for the concert of the rhythm group ""Natik"" in Baku ...","Nov 14, 2023 ... Ticket sales for Rhythm group ""Natik"" November 14, 2023 at Baku Music Academy (Baku). Buy online on the website, booking and delivery +971 ..."
"Tickets for the match Sabah - Araz-Nakhchivan, Premier League in ...",https://tickets-az.com/en/baku/events/205067,"Oct 5, 2024 ... Ticket sales for Sabah - Araz-Nakhchivan October 5, 2024 at Bank Respublika Arena (Baku). Buy online on the website, booking and delivery ...",tickets-az.com,Other,"Oct 5, 2024",Bank Respublika Arena ,English,,"Oct, 5,, 2024, ..., Ticket",Baku,General,tickets-az.com,"Tickets for the match Sabah - Araz-Nakhchivan, Premier League in ...","Oct 5, 2024 ... Ticket sales for Sabah - Araz-Nakhchivan October 5, 2024 at Bank Respublika Arena (Baku). Buy online on the website, booking and delivery ..."
"Tickets for the concert ""Hot hits of Turkey"" in Baku, October 3, 2024 ...",https://tickets-az.com/en/baku/events/275912,"Oct 3, 2024 ... Ticket sales for Hot hits of Turkey October 3, 2024 at Hayal Kahvesi 1992 (Baku). Buy online on the website, booking and delivery +971 502 ...",tickets-az.com,Other,"Oct 3, 2024",Hayal Kahvesi ,English,,"Oct, 3,, 2024, ..., Ticket",Baku,General,tickets-az.com,"Tickets for the concert ""Hot hits of Turkey"" in Baku, October 3, 2024 ...","Oct 3, 2024 ... Ticket sales for Hot hits of Turkey October 3, 2024 at Hayal Kahvesi 1992 (Baku). Buy online on the website, booking and delivery +971 502 ..."
"Mert Demir concert tickets in Baku, December 6, 2024 — buy online",https://tickets-az.com/en/baku/events/262875,"Ticket sales for Mert Demir December 6, 2024 at Baku Sports Palace (Baku). Buy online on the website, booking and delivery +971 502 173 856.",tickets-az.com,Other,"December 6, 2024",Baku Sports Palace ,English,,"Ticket, sales, for, Mert, Demir",Baku,General,tickets-az.com,"Mert Demir concert tickets in Baku, December 6, 2024 — buy online","Ticket sales for Mert Demir December 6, 2024 at Baku Sports Palace (Baku). Buy online on the website, booking and delivery +971 502 173 856."
"YALIN concert tickets in Baku, May 4, 2024 — buy online",https://tickets-az.com/en/baku/events/223862,"May 4, 2024 ... Ticket sales for YALIN May 4, 2024 at Baku Crystal Hall (Baku). Buy online on the website, booking and delivery +971 502 173 856.",tickets-az.com,Other,"May 4, 2024",Baku Crystal Hall ,English,,"May, 4,, 2024, ..., Ticket",Baku,General,tickets-az.com,"YALIN concert tickets in Baku, May 4, 2024 — buy online","May 4, 2024 ... Ticket sales for YALIN May 4, 2024 at Baku Crystal Hall (Baku). Buy online on the website, booking and delivery +971 502 173 856."
"Ricky Martin Concert Tickets in Baku, August 2, 2024 — buy online",https://tickets-az.com/en/baku/events/260174,"Aug 2, 2024 ... Ticket sales for Ricky Martin August 2, 2024 at Sea Breeze Resort (Baku). Buy online on the website, booking and delivery +971 502 173 856.",tickets-az.com,Other,"Aug 2, 2024",Sea Breeze Resort ,English,,"Aug, 2,, 2024, ..., Ticket",Baku,General,tickets-az.com,"Ricky Martin Concert Tickets in Baku, August 2, 2024 — buy online","Aug 2, 2024 ... Ticket sales for Ricky Martin August 2, 2024 at Sea Breeze Resort (Baku). Buy online on the website, booking and delivery +971 502 173 856."
"Tickets for the concert Emin Sabitoglu in Baku, October 25, 2024 ...",https://tickets-az.com/en/baku/events/268562,"Oct 25, 2024 ... An unforgettable concert dedicated to the work of the outstanding composer Emin Sabitoglu will be held at DTX-nin Mədəniyyət Mərkəzi on October 25.",tickets-az.com,Other,"Oct 25, 2024",DTX,English,,"Oct, 25,, 2024, ..., An",Baku,General,tickets-az.com,"Tickets for the concert Emin Sabitoglu in Baku, October 25, 2024 ...","Oct 25, 2024 ... An unforgettable concert dedicated to the work of the outstanding composer Emin Sabitoglu will be held at DTX-nin Mədəniyyət Mərkəzi on October 25."
Tickets for the concert of Vyacheslav Butusov «Nautilus Pompilius ...,https://tickets-az.com/en/baku/events/246280,"May 31, 2024 ... Ticket sales for Vyacheslav Butusov «Nautilus Pompilius 40 years» May 31, 2024 at Palace named after Heydar Aliyev (Baku).",tickets-az.com,Other,"May 31, 2024",Palace named after Heydar Aliyev ,English,,"May, 31,, 2024, ..., Ticket",Baku,General,tickets-az.com,Tickets for the concert of Vyacheslav Butusov «Nautilus Pompilius ...,"May 31, 2024 ... Ticket sales for Vyacheslav Butusov «Nautilus Pompilius 40 years» May 31, 2024 at Palace named after Heydar Aliyev (Baku)."
